AA0101,pg
AA0102,id
AA0103,id
AA0104,id
AA0105,pg
AA0105,id
AA0106,id
AA0107,pg
AA0108,id
AA0109,au-nsw
AA0110,pg
AA0111,pg
AA0112,pg
AA0113,nc
AA0114,nf
AA0115,pg
AA0115,id
AA0116,pg
AA0116,id
AA0117,au-qld
AA0118,id
AA0119,sb
AA0120,pg
AA0121,pg
AA0121,id
AA0122,pg
AA0122,id
AA0123,id
AA0124,id
AA0125,pg
AA0126,vu
AA0127,id
AA0128,id
AA0201,id
AA0202,nc
AA0203,id
AA0204,tl
AA0204,id
AA0401,nz
AA0402,au-nsw
AA0402,au-qld
AA0403,nz
AA0404,nz
AA0405,nz
AA0406,nz
AA0407,nz
AA0408,nz
AA0409,au-vic
AA0409,au-nsw
AA0409,au-act
AA0410,nz
AA0411,au-tas
AA0412,au-tas
AA0413,au-tas
AA0414,nz
AA0701,au-nt
AA0702,au-qld
AA0703,au-qld
aa0704,au-nt
aa0704,au-qld
AA0705,au-qld
aa0706,au-nt
aa0706,au-wa
AA0707,au-nt
aa0707,au-qld
AA0708,pg
AA0708,id
aa0709,au-nt
aa0709,au-wa
AA0801,nz
AA0802,au-nsw
AA0802,au-qld
AA0803,au-qld
AA0803,au-nsw
aa1001,au-vic
aa1001,au-nsw
aa1001,au-act
AA1002,pg
AA1002,id
AA1003,nz
AA1101,nz
aa1201,au-wa
aa1201,au-sa
aa1202,au-wa
aa1203,au-sa
aa1204,au-wa
aa1205,au-wa
aa1206,au-sa
aa1207,au-nsw
aa1207,au-vic
aa1207,au-sa
aa1208,au-nsw
aa1208,au-sa
aa1209,au-wa
aa1210,au-wa
aa1301,au-wa
aa1302,au-nt
aa1302,au-wa
aa1302,au-sa
aa1303,au-wa
aa1304,au-wa
aa1304,au-nt
aa1305,au-wa
aa1305,au-sa
aa1306,au-sa
aa1306,au-wa
aa1306,au-wa
aa1306,au-sa
aa1307,au-wa
aa1308,au-qld
aa1308,au-sa
aa1308,au-nsw
aa1308,au-nt
aa1309,au-nsw
aa1309,au-sa
aa1309,au-nt
aa1310,au-wa
AA1401,id
AA1401,pg 
AN1101,aq
AN1102,aq
AN1103,aq
AN1104,aq
AT0101,ug
AT0101,tz
AT0101,rw
AT0101,bi
AT0101,cd
AT0102,cm
AT0102,gq
AT0102,cg
AT0102,cd
AT0102,ga
AT0103,cm
AT0103,ng
AT0104,cd
AT0105,km
AT0106,ng
AT0107,cm
AT0107,ng
AT0108,tz
AT0108,ke
AT0108,ug
AT0108,sd
AT0109,tz
AT0109,ke
AT0110,cd
AT0111,ci
AT0111,gh
AT0111,tg
AT0111,bj
AT0112,sd
AT0112,er
AT0112,et
AT0112,so
AT0113,sc
AT0114,gn
AT0114,sl
AT0114,lr
AT0114,ci
AT0115,za
AT0116,za
AT0117,mg
AT0118,mg
AT0119,mz
AT0119,sz
AT0119,za
AT0120,mu
AT0120,re
AT0121,cm
AT0122,ng
AT0123,ng
AT0123,bj
AT0124,cd
AT0124,cf
at0125,ke
at0125,tz
at0125,so
AT0126,cm
AT0126,cf
AT0126,cd
AT0126,cg
AT0126,ga
AT0127,st
AT0128,mz
AT0128,tz
AT0129,cd
AT0129,cg
AT0129,cf
AT0130,gn
AT0130,sl
AT0130,lr
AT0130,ci
AT0201,cv
AT0202,mg
AT0203,zm
AT0203,ao
AT0701,ao
AT0701,cd
AT0702,ao
AT0702,na
AT0703,sh
AT0704,tz
AT0704,bi
AT0704,cd
AT0704,ao
AT0704,zm
AT0704,mw
AT0705,ng
AT0705,cm
AT0705,td
AT0705,cf
AT0705,sd
AT0705,er
AT0705,et
AT0705,ug
AT0705,cd
AT0706,tz
AT0706,mw
AT0706,mz
AT0707,sn
AT0707,gm
AT0707,gw
AT0707,sl
AT0707,gn
AT0707,lr
AT0707,ci
AT0707,gh
AT0707,tg
AT0707,bj
AT0707,ng
AT0707,cm
AT0708,tz
AT0708,cd
AT0708,zm
AT0709,na
AT0709,bw
AT0709,za
AT0709,zw
AT0710,cm
AT0710,ng
AT0711,et
AT0711,sd
AT0711,ug
AT0711,ke
AT0711,tz
AT0712,cm
AT0712,cf
AT0712,sd
AT0712,cd
AT0712,ug
AT0713,mr
AT0713,sn
AT0713,ml
AT0713,bf
AT0713,ne
AT0713,ng
AT0713,td
AT0713,cm
AT0713,cf
AT0713,sd
AT0713,er
AT0713,et
AT0714,tz
AT0715,ke
AT0715,so
AT0715,et
AT0715,er
AT0715,sd
AT0715,tz
AT0715,ke
AT0716,tz
AT0716,ke
AT0716,ug
AT0717,zw
AT0717,bw
AT0717,mz
AT0717,za
AT0718,cd
AT0718,ao
AT0719,mw
AT0719,mz
AT0719,zm
AT0719,zw
AT0720,sh
AT0721,et
AT0721,sd
AT0721,cd
AT0721,ug
AT0721,ke
AT0721,rw
AT0721,bi
AT0721,tz
AT0722,sn
AT0722,gm
AT0722,gn
AT0722,ci
AT0722,gh
AT0722,tg
AT0722,bj
AT0722,ng
AT0722,ne
AT0722,bf
AT0722,ml
AT0722,mr
AT0723,ga
AT0723,cg
AT0723,cd
AT0723,ao
AT0724,ao
AT0724,zm
AT0725,zm
AT0725,mw
AT0725,mz
AT0725,zw
AT0725,na
AT0725,bw
AT0725,sz
AT0725,za
AT0726,ao
AT0726,na
AT0726,bw
AT0726,zm
AT0726,zw
AT0801,om
AT0801,ae
AT0802,tf
AT0803,sh
AT0901,ke
AT0901,tz
AT0902,na
AT0903,ml
AT0904,td
AT0904,ne
AT0904,ng
AT0904,cm
AT0905,et
AT0905,sd
AT0906,mz
AT0907,tz
AT0907,zm
AT0907,cd
AT0907,mw
AT0907,mz
AT0907,ao
AT0907,na
AT0907,bw
AT0908,bw
AT0908,zw
AT1001,ao
AT1002,ao
AT1003,za
AT1003,ls
AT1004,za
AT1004,ls
AT1004,sz
AT1005,ke
AT1005,ug
AT1005,tz
AT1006,mz
AT1006,zw
AT1007,er
AT1007,sd
AT1007,et
AT1008,et
AT1009,za
AT1009,ls
AT1010,ng
AT1011,mg
AT1012,za
AT1013,cd
AT1013,ug
AT1013,rw
AT1014,mw
AT1015,tz
AT1015,zm
AT1015,mz
AT1015,mw
AT1201,za
AT1202,za
AT1203,za
AT1301,sc
AT1302,sa
AT1302,ye
AT1302,om
AT1303,td
AT1303,sd
AT1304,er
AT1304,dj
AT1305,sd
AT1305,er
AT1305,dj
AT1305,et
AT1305,so
AT1306,om
AT1306,ae
AT1307,so
AT1308,fr-tf
AT1309,za
AT1309,bw
AT1309,na
AT1310,na
AT1310,ao
AT1311,mg
AT1312,mg
AT1313,ke
AT1313,et
AT1314,za
AT1314,na
AT1315,na
AT1316,na
AT1316,ao
AT1317,eg
AT1317,sd
AT1318,ye
AT1319,so
AT1320,sa
AT1320,ye
AT1320,om
AT1321,ye
AT1321,sa
AT1322,za
AT1322,na
AT1401,gh
AT1401,ng
AT1401,cm
AT1401,gq
AT1401,ga
AT1401,cd
AT1401,ao
AT1402,mz
AT1402,tz
AT1402,ke
AT1402,so
AT1403,sn
AT1403,gm
AT1403,gw
AT1403,gn
AT1403,sl
AT1403,lr
AT1403,ci
AT1403,gh
AT1404,mg
AT1405,za
AT1405,mz
IM0101,in-an
IM0102,my
IM0102,bn
IM0102,id
IM0103,my
IM0103,bn
IM0103,id
IM0104,my
IM0104,bn
IM0104,id
IM0105,bt
IM0105,in-ar
IM0105,in-ml
IM0105,in-as
IM0105,in-nl
IM0105,in-ar
IM0106,kh
IM0106,th
IM0107,th
IM0108,th
IM0109,mm
IM0110,cx
IM0110,cc
IM0111,in-mp
IM0111,in-mh
IM0111,in-ap
IM0111,in-or
IM0111,in-ct
IM0111,in-jh
IM0111,in-wb
IM0112,id
IM0113,id
IM0114,ph
IM0115,np
IM0115,bt
IM0115,in-up
IM0115,in-br
IM0115,in-sk
IM0115,in-wb
IM0116,mm
IM0117,mm
IM0118,cn
IM0119,mm
IM0119,th
IM0120,bd
IM0120,np
IM0120,in-as
IM0120,in-wb
IM0120,in-br
IM0120,in-up
IM0120,in-mp
IM0120,in-jh
IM0120,in-or
IM0120,in-tr
IM0121,la
IM0121,th
IM0121,vn
IM0122,ph
IM0123,ph
IM0124,in-tn
IM0124,in-kl
IM0124,in-ka
IM0124,in-ga
IM0124,in-mh
IM0125,mv
IM0125,in-ld
IM0126,in-as
IM0126,in-nl
IM0126,in-ml
IM0127,id
IM0128,ph
IM0129,ph
IM0130,ph
IM0131,in-mz
IM0131,in-tr
IM0131,in-mn
IM0131,in-as
IM0131,in-nl
IM0131,mm
IM0131,bd
IM0132,mm
IM0133,in-an
IM0134,in-gj
IM0134,in-dd
IM0134,in-dn
IM0134,in-mh
IM0134,in-ga
IM0134,in-ka
IM0135,in-gj
IM0135,in-mh
IM0135,in-ga
IM0135,in-ka
IM0136,vn
IM0136,la
IM0137,cn
IM0137,mm
IM0137,la
IM0137,th
IM0137,vn
IM0138,th
IM0138,la
IM0139,th
IM0139,la
IM0140,mm
IM0141,vn
IM0142,in-or
IM0142,in-ap
IM0143,ph
IM0144,th
IM0144,my
IM0145,my
IM0146,th
IM0146,id
IM0146,my
IM0146,sg
IM0147,vn
IM0148,cn
IM0148,vn
IM0148,my
IM0148,ph
IM0148,tw
IM0149,vn
IM0149,cn
IM0150,in-tn
IM0150,in-kl
IM0150,in-ka
IM0151,in-tn
IM0151,in-ka
IM0151,in-kl
IM0152,kh
IM0152,vn
IM0152,la
IM0153,id
IM0154,lk
IM0155,lk
IM0156,ph
IM0157,id-sm
IM0158,id-sm
IM0159,id-sm
IM0160,id-sm
IM0161,id
IM0161,my
IM0162,in-wb
IM0162,bd
IM0163,th
IM0163,mm
IM0163,my
IM0164,kh
IM0164,vn
IM0165,kh
IM0165,vn
IM0166,in-ul
IM0166,in-hr
IM0166,in-rj
IM0166,in-dl
IM0166,in-hp
IM0166,in-up
IM0166,in-mp
IM0166,in-br
IM0167,id-jw
IM0168,id-jw
IM0169,cn
IM0170,jp
IM0171,tw
IM0172,tw 
IM0201,in-ap
IM0201,in-ka
IM0201,in-mh
IM0201,in-mp
IM0201,in-ct
IM0202,th
IM0202,kh
IM0202,vn
IM0202,la
IM0203,in-br
IM0203,in-jh
IM0203,in-wb
IM0203,in-or
IM0203,in-ct
IM0203,in-mp
IM0203,in-up
IM0204,in-py
IM0204,in-tn
IM0204,in-ap
IM0205,mm
IM0206,in-gj
IM0206,in-dd
IM0206,in-mh
IM0206,in-rj
IM0206,in-mp
IM0206,in-up
IM0206,in-hr
IM0207,in-up
IM0207,in-ct
IM0207,in-mp
IM0207,in-mh
IM0207,in-gj
IM0207,in-ka
IM0208,in-ct
IM0208,in-or
IM0209,in-tn
IM0209,in-ka
IM0210,vn
IM0210,kh
IM0210,la
IM0210,th
IM0211,vn
IM0212,lk
IM0301,pk
IM0301,in-jk
IM0301,in-hp
IM0301,in-ul
IM0301,in-pb
IM0301,in-up
IM0301,np
IM0301,in-sk
IM0301,in-wb
IM0301,bt
IM0301,ph
IM0302,ph
IM0303,mm
IM0303,in-nl
IM0303,in-mn
IM0304,id-sm
IM0401,np
IM0401,in-sk
IM0401,in-wb
IM0401,bt
IM0401,in-ar
IM0401,in-as
IM0401,in-nl
IM0402,mm
IM0403,pk
IM0403,np
IM0403,in-jk
IM0403,in-hp
IM0403,in-pb
IM0403,in-ul
IM0501,np
IM0501,bt
IM0501,cn
IM0501,in-sk
IM0501,in-wb
IM0501,in-ar
IM0502,af
IM0502,pk
IM0502,in-jk
IM0502,in-hp
IM0502,in-ul
IM0502,np
IM0701,in-ul
IM0701,np
IM0701,in-up
IM0701,in-br
IM0701,in-wb
IM0701,in-as
IM0701,bt
IM0901,pk
IM0901,in-gj
IM1001,my
IM1301,in-mp
IM1301,in-mh
IM1301,in-ka
IM1301,in-ap
IM1301,in-tn
IM1301,lk
IM1302,pk
IM1303,pk
IM1303,in-ch
IM1303,in-jk
IM1303,in-hp
IM1303,in-pb
IM1303,in-rj
IM1303,in-hr
IM1303,in-gj
IM1303,in-dl
IM1304,pk
IM1304,in-gj
IM1304,in-rj
IM1304,in-hr
IM1401,in-or
IM1401,in-ap
IM1401,in-tn
IM1402,th
IM1402,kh
IM1402,vn
IM1403,pk
IM1403,in-gj
IM1403,in-dd
IM1403,in-mh
IM1404,mm
IM1404,th
IM1404,my
IM1405,my
IM1405,id
IM1406,bd
IM1406,in-wb
NA0201,mx
NA0301,bm
NA0302,us-az
NA0302,us-nm
NA0302,mx
NA0303,mx
NA0303,us-tx
NA0401,us-pa 
NA0401,us-oh 
NA0401,us-nj
NA0401,us-ny
NA0402,us-al
NA0402,us-ga
NA0402,us-tn
NA0402,us-ky
NA0402,us-va
NA0402,us-wv
NA0402,us-oh
NA0402,us-md
NA0402,us-pa
NA0402,us-nc
na0403,us-sc
NA0403,us-al
NA0403,us-ga
NA0403,us-nc
NA0403,us-va
NA0403,us-tn
NA0403,us-wv
NA0403,us-md
NA0403,us-pa
NA0403,us-nj
NA0403,us-ny
NA0404,us-oh
NA0404,us-in
NA0404,us-il
NA0404,us-mo
NA0404,us-ar
NA0404,us-ok
NA0404,us-ky
NA0404,us-tn
NA0404,us-al
NA0404,us-ms
NA0405,us-tx
NA0406,us-ny
NA0406,ca-on
NA0406,ca-qc
NA0407,us-ny
NA0407,us-vt
NA0407,ca-qc
NA0407,ca-on
NA0408,ca-pe
NA0408,ca-ns
NA0408,ca-nb
NA0409,us-la
NA0409,us-ms
NA0409,us-ar
NA0409,us-tn
NA0409,us-ky
NA0409,us-il
NA0409,us-mo
NA0410,ca-ns
NA0410,ca-nb
NA0410,ca-qc
NA0410,us-ny
NA0410,us-ct
NA0410,us-ma
NA0410,us-vt
NA0410,us-nh
NA0410,us-me
NA0411,us-me
NA0411,us-nh
NA0411,us-vt
NA0411,us-ny
NA0411,us-ma
NA0411,us-ri
NA0411,us-ct
NA0411,us-nj
NA0411,us-pa
NA0411,us-de
NA0411,us-md
NA0412,us-ar
NA0412,us-ok
NA0413,us-pa
NA0413,us-md
NA0413,us-va
NA0413,us-nc
NA0413,us-sc
NA0413,us-ga
NA0413,us-al
NA0413,us-ms
NA0413,us-tn
NA0413,us-la
NA0414,us-mi
NA0414,us-in
NA0414,us-oh
NA0414,us-pa
NA0414,us-ny
NA0414,ca-on
NA0415,us-mi
NA0415,us-wi
NA0415,us-il
NA0415,us-ia
NA0415,us-mn
NA0416,us-mi
NA0416,us-wi
NA0416,us-mn
NA0416,ca-on
NA0416,ca-mb
NA0417,us-wa
NA0417,us-or
NA0501,ca-ab
NA0501,ca-bc
NA0502,ca-ab
NA0502,ca-bc
NA0503,us-az
NA0503,us-nm
NA0503,us-tx
NA0504,us-nj
NA0504,us-ny
NA0504,us-ma
NA0505,us-or
NA0505,us-id
NA0505,us-wa
NA0506,us-wa
NA0506,ca-bc
NA0507,ca-bc
NA0507,us-wa
NA0508,us-or
NA0508,us-wa
NA0509,ca-bc
NA0510,ca-bc
NA0510,us-wa
NA0510,us-or
NA0511,us-co
NA0511,us-wy
NA0511,us-nm
NA0512,us-wa
NA0512,us-or
NA0512,us-ca
NA0513,us-fl
NA0514,ca-bc
NA0515,us-or
NA0515,us-ca
NA0515,us-nv
NA0516,us-ca
NA0516,us-or
NA0517,us-de
NA0517,us-md
NA0517,us-va
NA0517,us-nc
NA0517,us-sc
NA0517,us-ga
NA0518,ca-bc
NA0518,ca-ab
NA0518,us-wa
NA0518,us-id
NA0518,us-mt
NA0519,us-ca
NA0519,us-or
NA0520,us-ak
NA0521,ca-bc
NA0522,us-wa
NA0522,ca-bc
NA0523,us-tx
NA0523,us-la
NA0523,us-ar
NA0523,us-ok
NA0524,ca-bc
NA0524,us-wa
NA0525,ca-bc
NA0526,mx
NA0527,us-ca
NA0527,us-nv
NA0528,us-mt
NA0528,us-wy
NA0528,us-sd
NA0529,us-fl
NA0529,us-ga
NA0529,us-la
NA0529,us-al
NA0529,us-ms
NA0530,us-ut
NA0530,us-id
NA0530,us-wy
NA0601,us-ak
NA0602,ca-on
NA0602,ca-qc
NA0603,us-ak
NA0604,us-ak
NA0605,ca-nl
NA0605,ca-qc
NA0605,ca-nb
NA0605,ca-ns
NA0606,ca-nl
NA0606,ca-qc
NA0607,ca-yt
NA0607,us-ak
NA0608,ca-mb
NA0608,ca-sk
NA0608,ca-ab
NA0608,ca-nt
NA0609,ca-on
NA0609,ca-mb
NA0609,ca-sk
NA0609,ca-ab
NA0610,ca-yt
NA0610,ca-nt
NA0610,ca-bc
NA0610,ca-ab
NA0611,ca-nl
NA0612,ca-nu
NA0612,ca-nt
NA0612,ca-mb
NA0612,ca-sk
NA0612,ca-ab
NA0613,ca-bc
NA0613,ca-yt
NA0613,ca-nt
NA0614,ca-yt
NA0614,ca-nt
NA0614,ca-nu
NA0615,ca-nl
NA0616,ca-qc
NA0616,ca-on
NA0616,ca-mb
NA0617,ca-yt
NA0617,ca-bc
NA0701,mx
NA0701,us-ms
NA0701,us-la
NA0701,us-tx
NA0801,us-ca
NA0802,ca-mb
NA0802,ca-sk
NA0802,ca-ab
NA0802,ca-bc
NA0802,us-nd
NA0802,us-mn
NA0803,us-tx
NA0803,us-ok
NA0803,us-ks
NA0803,us-ne
NA0804,us-tx
NA0804,us-in
NA0804,us-wi
NA0804,us-il
NA0804,us-ia
NA0804,us-mo
NA0804,us-ks
NA0804,us-ok
NA0805,us-nd
NA0805,us-mn
NA0805,us-wi
NA0805,us-sd
NA0805,us-ia
NA0805,us-ks
NA0805,us-ne
NA0805,us-mo
NA0806,us-tx
NA0807,us-ks
NA0807,us-ok
NA0808,us-mt
na0808,ca-ab
NA0809,us-ne
NA0809,us-sd
NA0810,ca-ab
NA0810,ca-sk
NA0810,ca-mb
NA0810,us-ne
NA0810,us-sd
NA0810,us-nd
NA0811,ca-sk
NA0811,ca-ab
NA0811,us-nd
NA0811,us-sd
NA0811,us-ne
NA0811,us-wy
NA0811,us-mt
NA0812,ca-mb
NA0812,us-mn
NA0812,us-nd
NA0812,us-sd
NA0813,us-wa
NA0813,us-id
NA0813,us-or
NA0814,us-tx
NA0815,us-tx
NA0815,us-nm
NA0815,us-ok
NA0815,us-ks
NA0815,us-co
NA0815,us-ne
NA0815,us-wy
NA0815,us-sd
NA1101,us-ak
NA1101,ca-yt
NA1101,ca-bc
NA1102,us-ak
NA1103,us-ak
NA1103,ca-yt
NA1103,ca-nt
NA1104,us-ak
NA1104,ca-yt
NA1104,ca-nt
NA1105,ca-nu
NA1106,us-ak
NA1107,us-ak
NA1108,us-ak
NA1108,ca-yt
NA1108,ca-nt
NA1109,ca-nu
NA1110,ca-nu
NA1110,ca-nt
NA1111,us-ak
NA1111,ca-yt
NA1112,gl
NA1113,gl
NA1114,ca-nt
NA1114,ca-nu
NA1114,ca-mb
NA1114,ca-qc
NA1115,ca-nt
NA1115,ca-nu
NA1115,ca-qc
NA1116,us-ak
NA1116,ca-yt
NA1117,us-ak
NA1117,ca-yt
NA1117,ca-bc
NA1118,ca-qc
NA1118,ca-nl
NA1201,us-ca
NA1201,mx
NA1202,us-ca
NA1203,us-ca
NA1301,mx
NA1302,mx
NA1303,us-tx
NA1303,us-nm
NA1303,us-az
NA1303,mx
NA1304,us-co
NA1304,us-nm
NA1304,us-az
NA1304,us-ut
NA1305,us-ca
NA1305,us-nv
NA1305,us-ut
NA1305,us-id
NA1306,mx
NA1307,mx
NA1308,us-ca
NA1308,us-az
NA1308,us-nv
NA1308,us-ut
NA1309,us-ca
NA1309,us-or
NA1309,us-wa
NA1309,us-id
NA1309,us-nv
NA1310,mx
NA1310,us-ca
NA1310,us-az
NA1311,mx
NA1312,us-tx
NA1312,mx
NA1313,us-wy
NA1313,us-co
NA1313,us-ut
NA1313,us-id
NA1313,us-mt
NA1401,mx
NT0101,br
NT0101,ar
NT0102,br
NT0103,br
NT0104,br
NT0105,bo
NT0105,pe
NT0106,br
NT0107,co
NT0107,br
NT0108,co
NT0108,ve
NT0109,co
NT0110,ni
NT0111,gt
NT0111,hn
NT0111,ni
NT0112,gt
NT0112,hn
NT0112,ni
NT0112,sv
NT0113,mx
NT0113,gt
NT0114,mx
NT0115,pa
NT0115,co
NT0116,cr
NT0117,ve
NT0118,ve
NT0118,co
NT0119,cr
NT0119,ni
NT0120,cu
NT0121,co
NT0121,ec
NT0121,pe
NT0122,co
NT0122,pa
NT0123,br
NT0124,ve
NT0124,gy
NT0124,sr
NT0124,br
NT0124,gf
NT0125,ve
NT0125,gy
NT0125,sr
NT0125,br
NT0125,gf
NT0126,br
NT0127,do
NT0127,ht
NT0128,br
NT0128,pe
NT0129,ni
NT0129,cr
NT0129,pa
NT0130,pa
NT0130,cr
NT0131,jm
NT0132,br
NT0132,co
NT0133,br
NT0134,gp
NT0134,ag
NT0134,ms
NT0134,kn
NT0134,vg
NT0134,vi
NT0135,br
NT0135,bo
NT0136,co
NT0137,co
NT0138,br
NT0139,br
NT0140,br
NT0141,br
NT0142,co
NT0142,ec
NT0142,pe
NT0143,ve
NT0143,co
NT0143,br
NT0144,br
NT0145,ec
NT0145,co
NT0146,mx
NT0147,ve
NT0147,gy
NT0148,mx
NT0149,sr
NT0150,br
NT0150,ar
NT0150,py
NT0151,br
NT0152,br
NT0153,pe
NT0154,mx
NT0154,bz
NT0154,gt
NT0155,pr
NT0156,br
NT0156,pe
NT0156,co
NT0157,br
NT0158,br
NT0158,ve
NT0158,co
NT0159,co
NT0160,br
NT0161,mx
NT0162,mx
NT0162,gt
NT0163,br
NT0163,co
NT0163,pe
NT0164,us-fl
NT0165,bo
NT0165,ar
NT0166,pe
NT0166,br
NT0166,bo
NT0167,cr
NT0167,pa
NT0168,br
NT0169,br
NT0169,ve
NT0169,gy
NT0169,sr
NT0170,br
NT0171,tt
NT0172,br
NT0173,br
NT0174,pe
NT0175,ve
NT0176,mx
NT0177,mx
NT0178,co
NT0178,ec
NT0179,dm
NT0179,mq
NT0179,lc
NT0179,vc
NT0179,gd
NT0180,br
NT0181,mx
NT0181,gt
NT0201,ve
NT0201,co
NT0202,br
NT0203,tc
NT0203,bs
NT0204,mx
NT0205,mx
NT0206,bo
NT0207,co
NT0208,ky
NT0209,mx
NT0209,gt
NT0209,hn
NT0209,sv
NT0209,ni
NT0209,cr
NT0210,bo
NT0210,ar
NT0210,py
NT0211,mx
NT0211,gt
NT0212,br
NT0212,bo
NT0213,cu
NT0214,ec
NT0215,do
NT0215,ht
NT0216,mx
NT0217,mx
NT0218,jm
NT0219,ve
NT0220,tt
NT0220,gd
NT0220,vc
NT0220,lc
NT0220,mq
NT0220,ms
NT0220,kn
NT0220,ag
NT0220,ai
NT0221,co
NT0222,ve
NT0223,pe
NT0224,pa
NT0225,co
NT0226,pr
NT0227,mx
NT0228,mx
NT0229,co
NT0230,mx
NT0231,tt
NT0232,ec
NT0232,pe
NT0233,mx
NT0234,mq
NT0234,lc
NT0234,vc
NT0234,gd
NT0235,mx
NT0301,tc
NT0301,bs
NT0302,bz
NT0303,mx
NT0303,gt
NT0303,sv
NT0303,hn
NT0303,ni
NT0304,cu
NT0305,ht
NT0305,do
NT0306,hn
NT0306,ni
NT0307,mx
NT0308,mx
NT0309,mx
NT0310,mx
NT0401,cl
NT0402,cl
NT0402,ar
NT0403,cl
NT0404,cl
NT0404,ar
NT0701,ar
NT0702,bo
NT0703,br
NT0704,br
NT0704,bo
NT0704,py
NT0705,FR-CP
NT0706,ar
NT0707,br
NT0707,ve
NT0707,gy
NT0707,sr
NT0708,br
NT0708,ar
NT0708,py
NT0709,ve
NT0709,co
NT0710,uy
NT0710,br
NT0801,ar
NT0802,ar
NT0803,ar
NT0804,ar
NT0804,cl
NT0805,cl
NT0805,ar
NT0806,ar
NT0901,mx
NT0902,cu
NT0903,ar
NT0904,us-fl
NT0905,ec
NT0906,ve
NT0907,br
NT0907,bo
NT0907,py
NT0908,ar
NT0908,py
NT0909,ar
NT1001,bo
NT1001,cl
NT1001,ar
NT1002,ar
NT1002,bo
NT1002,pe
NT1003,bo
NT1003,pe
NT1004,ec
NT1004,pe
NT1005,ve
NT1006,ec
NT1006,co
NT1007,co
NT1008,cl
NT1008,ar
NT1009,mx
NT1010,ar
NT1201,cl
NT1301,ve
NT1302,mx
NT1302,aw
NT1303,cl
NT1304,br
NT1305,ky
NT1306,cu
NT1307,ec
NT1308,ve
NT1308,co
NT1309,ve
NT1310,ai
NT1310,ag
NT1310,gp
NT1310,bl
NT1310,vg
NT1310,vi
NT1310,mf
NT1311,co
NT1312,gt
NT1313,ve
NT1314,mx
NT1315,pe
NT1315,cl
NT1316,mx
NT1317,bb
NT1317,mq
NT1317,lc
NT1317,gd
NT1317,tt
NT1317,dm
NT1318,br
NT1401,mx
NT1402,br
NT1403,tc
NT1403,bs
NT1404,br
NT1405,bz
NT1405,gt
NT1406,bz
NT1407,pa
NT1407,cr
NT1408,aw
NT1408,ve
NT1409,co
NT1409,ec
NT1410,cu
NT1410,ht
NT1410,do
NT1410,jm
NT1410,pr
NT1411,ve
NT1411,gf
NT1411,sr
NT1411,gy
NT1412,ni
NT1412,hn
NT1412,sv
NT1413,ec
NT1413,pe
NT1414,pa
NT1415,br
NT1416,ag
NT1416,gp
NT1416,mq
NT1416,ni
NT1416,lc
NT1417,co
NT1418,ec
NT1419,br
NT1420,mx
NT1421,mx
NT1422,mx
NT1423,pa
NT1423,cr
NT1424,hn
NT1424,ni
NT1425,sv
NT1425,ni
NT1426,hn
NT1426,gt
NT1427,br
NT1428,mx
NT1429,pe
NT1430,mx
NT1431,cr
NT1431,ni
NT1432,br
NT1433,br
NT1434,cr
NT1434,ni
NT1435,mx
NT1436,tt
NT1437,mx
OC0101,fm
OC0102,co
OC0102,ki
OC0103,ck
OC0104,mh
OC0104,nr
OC0105,fj
OC0105,wf
OC0106,us-hi
OC0107,nz
OC0108,pf
OC0109,jp
OC0110,pw
OC0111,cl
OC0112,ws
OC0113,pf
OC0114,to
OC0114,nu
OC0115,pf
OC0115,pn
OC0116,pf
OC0117,ki
OC0117,tk
OC0117,tv
OC0201,fj
OC0202,us-hi
OC0203,mp
OC0203,gu
OC0204,fm
OC0701,us-hi
OC0702,us-hi
OC0703,us-hi
PA0101,cn
PA0102,cn
PA0401,it
PA0402,fr
PA0402,be
PA0402,de
PA0402,nl
PA0402,dk
PA0403,pt
PA0404,gr
PA0404,mk
PA0404,al
PA0404,bg
PA0404,tr
PA0404,ba
PA0404,rs
PA0404,ro
PA0404,me
PA0405,dk
PA0405,de
PA0405,pl
PA0405,se
PA0406,es
PA0406,pt
PA0406,fr
PA0407,ir
PA0407,az
PA0408,tr
PA0408,am
PA0408,az
PA0408,ge
PA0408,ru
PA0409,gb
PA0409,ie
PA0410,tr
PA0411,cn
PA0412,de
PA0412,cz
PA0412,at
PA0412,ru
PA0412,pl
PA0412,lt
PA0412,by
PA0412,ua
PA0412,md
PA0412,ro
PA0413,cn
PA0413,kp
PA0414,cn
PA0415,cn
PA0416,ru
PA0416,ua
PA0417,cn
PA0418,it
PA0418,si
PA0418,hr
PA0418,ba
PA0418,rs
PA0418,al
PA0418,me
PA0419,ru
PA0419,ua
PA0419,md
PA0419,ro
PA0419,bg
PA0420,tr
PA0421,gb
PA0422,tr
PA0422,ge
PA0422,bg
PA0423,jp
PA0424,cn
PA0425,pt
PA0426,cn
PA0426,ru
PA0427,jp
PA0428,jp
PA0429,gb
PA0429,ie
PA0430,cn
PA0431,cz
PA0431,sk
PA0431,ua
PA0431,at
PA0431,hu
PA0431,ro
PA0431,si
PA0431,ba
PA0431,rs
PA0431,hr
PA0432,it
PA0433,es
PA0433,fr
PA0434,cn
PA0435,rs
PA0435,bg
PA0435,mk
PA0435,gr
PA0436,no
PA0436,fi
PA0436,se
PA0436,ee
PA0436,lv
PA0436,lt
PA0436,by
PA0436,ru
PA0437,cn
PA0438,jp
PA0438,ru
PA0439,kp
PA0440,jp
PA0441,jp
PA0442,cn
PA0443,ru
PA0444,ru
PA0445,de
PA0445,ch
PA0445,at
PA0445,cz
PA0445,pl
PA0445,be
PA0445,fr
PA0446,tr
PA0446,iq
PA0446,ir
PA0501,fr
PA0501,it
PA0501,ch
PA0501,si
PA0501,at
PA0501,li
PA0501,de
PA0502,kz
PA0502,mn
PA0502,cn
PA0502,ru
PA0503,gb
PA0504,ro
PA0504,cz
PA0504,pl
PA0504,sk
PA0504,ua
PA0505,cn
PA0505,ru
PA0506,af
PA0506,pk
PA0507,ir
PA0508,cn
PA0509,cn
PA0510,jp
PA0511,jp
PA0512,mn
PA0513,ma
PA0513,tn
PA0513,dz
PA0514,cn
PA0514,bt
PA0514,in-ar
PA0515,tr
PA0516,cn
PA0516,mm
PA0517,cn
PA0518,cn
PA0519,mn
PA0519,ru
PA0520,no
PA0521,cn
PA0521,kz
PA0521,kg
PA0601,ru
PA0602,is
PA0603,ru
PA0604,ru
PA0605,ru
PA0606,ru
PA0607,ru
PA0608,no
PA0608,se
PA0608,fi
PA0608,ru
PA0609,ru
PA0609,mn
PA0610,ru
PA0611,ru
PA0801,ru
PA0801,uz
PA0801,tm
PA0801,tj
PA0801,kg
PA0802,kz
PA0802,cn
PA0803,tr
PA0804,mn
PA0804,ru
PA0804,cn
PA0805,ir
PA0805,tr
PA0805,ge
PA0805,am
PA0806,kz
PA0806,cn
PA0807,fo
PA0808,ru
PA0808,uz
PA0808,af
PA0808,tj
PA0808,kg
PA0809,ru
PA0809,kz
PA0810,kz
PA0810,ru
PA0811,kz
PA0812,iq
PA0812,tr
PA0812,sy
PA0812,jo
PA0812,il
PA0813,ru
PA0813,cn
PA0813,mn
PA0814,ru
PA0814,kz
PA0814,ua
PA0814,md
PA0814,ro
PA0814,bg
PA0815,ru
PA0815,mn
PA0816,ru
PA0816,mn
PA0817,ru
PA0818,kz
PA0818,cn
PA0818,kg
PA0901,cn
PA0901,ru
PA0902,cn
PA0903,cn
PA0904,eg
PA0905,mr
PA0905,eh
PA0905,tn
PA0905,dz
PA0905,ly
PA0905,eg
PA0906,ir
PA0906,iq
PA0907,cn
PA0907,ru
PA0908,cn
PA1001,cn
PA1001,ru
PA1001,mn
PA1001,kz
PA1002,cn
PA1002,in-jk
PA1003,np
PA1003,cn
PA1003,in-sk
PA1003,bt
PA1003,in-ar
PA1003,mm
PA1004,af
PA1005,af
PA1006,cn
PA1006,af
PA1006,in-jk
PA1006,pk
PA1007,mn
PA1008,tm
PA1008,ir
PA1009,ir
PA1009,pk
PA1010,ma
PA1011,cn
PA1012,cn
PA1012,af
PA1012,pk
PA1012,in-jk
PA1012,in-hp
PA1013,cn
PA1014,cn
PA1014,af
PA1014,tj
PA1014,kg
PA1015,cn
PA1016,ru
PA1016,mn
PA1017,cn
PA1018,cn
PA1019,af
PA1019,pk
PA1020,cn
PA1021,in-hp
PA1021,cn
PA1021,np
PA1021,in-ul
PA1022,cn
PA1101,ru
PA1101,sj
PA1102,ru
PA1103,ru
PA1104,ru
PA1105,ru
PA1106,ru
PA1106,no
PA1107,ru
PA1108,ru
PA1109,ru
PA1110,no
PA1110,se
PA1110,fi
PA1111,ru
PA1112,ru
PA1113,ru
PA1114,ru
PA1201,tr
PA1201,bg
PA1201,mk
PA1201,gr
PA1201,al
PA1202,tr
PA1203,es
PA1204,fr
PA1205,gr
PA1206,cy
PA1207,tr
PA1207,sy
PA1207,iq
PA1207,lb
PA1207,il
PA1207,jo
PA1208,es
PA1209,pt
PA1209,es
PA1210,it
PA1210,si
PA1210,hr
PA1210,ba
PA1210,me
PA1210,al
PA1210,gr
PA1211,it
PA1211,fr
PA1212,ma
PA1212,eh
PA1213,ma
PA1213,dz
PA1213,tn
PA1213,eg
PA1213,ly
PA1214,ma
PA1214,tn
PA1214,dz
PA1214,ly
PA1215,es
PA1215,fr
PA1215,it
PA1216,es
PA1216,pt
PA1217,gr
PA1217,al
PA1217,mk
PA1217,rs
PA1218,it
PA1219,es
PA1220,tr
PA1220,sy
PA1220,lb
PA1220,il
PA1221,es
PA1221,pt
PA1222,it
PA1222,fr
PA1301,af
PA1302,cn
PA1302,mn
PA1303,ir
PA1303,iq
PA1303,sa
PA1303,qa
PA1303,jo
PA1303,il
PA1303,eg
PA1303,ye
PA1303,om
PA1303,ae
PA1303,kw
PA1304,eh
PA1304,mr
PA1305,az
PA1305,ge
PA1305,ir
PA1306,af
PA1306,ir
PA1306,tj
PA1306,uz
PA1306,tm
PA1307,pk
PA1307,af
PA1308,ru
PA1308,kz
PA1308,tm
PA1308,ir
PA1309,af
PA1310,kz
PA1310,uz
PA1310,kg
PA1311,kz
PA1311,uz
PA1311,tm
PA1312,kz
PA1312,uz
PA1312,tm
PA1313,ir
PA1313,af
PA1314,cn
PA1314,mn
PA1315,mn
PA1316,ru
PA1316,mn
PA1317,mn
PA1317,cn
PA1317,kz
PA1318,kz
PA1319,ir
PA1319,tm
PA1320,ir
PA1320,iq
PA1320,sy
PA1320,jo
PA1320,il
PA1321,mr
PA1321,eh
PA1321,ma
PA1321,dz
PA1321,tn
PA1321,ly
PA1321,eg
PA1322,af
PA1322,tj
PA1323,iq
PA1323,kw
PA1323,sa
PA1323,qa
PA1323,ae
PA1324,cn
PA1325,iq
PA1325,il
PA1325,jo
PA1325,ge
PA1325,sa
PA1325,ye
PA1325,om
PA1326,ir
PA1326,pk
PA1326,af
PA1327,mr
PA1327,dz
PA1327,ml
PA1327,ne
PA1327,ly
PA1327,td
PA1327,eg
PA1327,sd
PA1328,iq
PA1328,ir
PA1328,af
PA1329,mr
PA1329,ml
PA1329,dz
PA1329,ne
PA1329,td
PA1329,sd
PA1329,eg
PA1330,cn
PA1331,eg
PA1331,td
PA1331,ly
PA1331,sd
PA1332,mr
PA1332,ml
PA1332,dz
PA1332,ly
PA1332,ne